iter	MultiClass
0	4.184499952
1	4.151401747
2	4.100650825
3	4.066063507
4	4.037160609
5	3.999566213
6	3.97202469
7	3.933744984
8	3.905115552
